status,rule,severity,file,line,matched_text,description,remediation
FINDING,api_token,HIGH,test-repository/.env,2,API_TOKEN=<REDACTED>,Detects likely API or bearer-style token assignments,Revoke or rotate the token and move token retrieval to an approved secrets-management mechanism.
FINDING,hardcoded_password,HIGH,test-repository/.env,3,PASSWORD=<REDACTED>,Detects likely hard-coded password assignments,"Remove the credential from source code, rotate the exposed secret, and retrieve it from an approved secrets-management platform."
FINDING,debug_enabled,MEDIUM,test-repository/.env,4,DEBUG=<REDACTED>,Detects debug mode enabled in configuration,Disable debug mode outside approved development environments and enforce environment-specific configuration.
FINDING,debug_enabled,MEDIUM,test-repository/config.json,3,"""debug"": <REDACTED>",Detects debug mode enabled in configuration,Disable debug mode outside approved development environments and enforce environment-specific configuration.
FINDING,api_key,HIGH,test-repository/config.json,4,"""api_key"": <REDACTED>",Detects likely API key assignments,"Remove the API key from source control, rotate it, and store it in an approved secrets-management service."
FINDING,hardcoded_password,HIGH,test-repository/database.ini,6,password=<REDACTED>,Detects likely hard-coded password assignments,"Remove the credential from source code, rotate the exposed secret, and retrieve it from an approved secrets-management platform."
FINDING,database_connection_string,CRITICAL,test-repository/database_connection.txt,3,postgresql: <REDACTED>,Detects database connection strings containing embedded credentials,"Remove embedded database credentials, rotate them, and use secure runtime secret injection."
FINDING,private_key_header,CRITICAL,test-repository/private_key_example.txt,3,<REDACTED>,Detects PEM-style private key headers,"Remove the private key from source control immediately, revoke or replace the key pair, and investigate repository history for exposure."
SUPPRESSED,api_key,HIGH,test-repository/deployment_notes.txt,8,API_KEY=<REDACTED>,Detects likely API key assignments,"Remove the API key from source control, rotate it, and store it in an approved secrets-management service."
