timestamp,user,session_id,action,target,role,scope,result,justification,ticket_number,notes
2026-10-02T12:08:14Z,it.admin@northstar.example,SESSION-ADMIN-5510,Activate Role,NFG-FIN-VM01,Virtual Machine Contributor,/subscriptions/NFG-PROD/resourceGroups/Finance,success,Approved maintenance activity,CHG-2041,Normal privileged access using approved PIM workflow
2026-10-02T12:09:02Z,it.admin@northstar.example,SESSION-ADMIN-5510,Role Activation Confirmed,NFG-FIN-VM01,Virtual Machine Contributor,/subscriptions/NFG-PROD/resourceGroups/Finance,success,Approved maintenance activity,CHG-2041,Expected administrative role activation
2026-10-02T12:21:18Z,finance.user@northstar.example,SESSION-FIN-8842,Add Member,NFG-FIN-VM01,Virtual Machine User Login,/subscriptions/NFG-PROD/resourceGroups/Finance,success,,NONE,Finance user received additional VM access without documented justification
2026-10-02T12:22:03Z,finance.user@northstar.example,SESSION-FIN-8842,Role Assignment Modified,NFG-FIN-VM01,Virtual Machine User Login,/subscriptions/NFG-PROD/resourceGroups/Finance,success,,NONE,Role assignment modified during suspicious Finance session
2026-10-02T12:27:41Z,backup.service@northstar.example,SERVICE-BACKUP-01,Activate Role,NFG-BACKUP-VAULT01,Backup Operator,/subscriptions/NFG-PROD/resourceGroups/Backup,success,Scheduled backup maintenance,CHG-2048,Approved backup service role use
2026-10-02T12:33:04Z,dormant.contractor@northstar.example,SESSION-CONTRACT-4402,Add Member,NFG-SHARED-APP01,Contributor,/subscriptions/NFG-PROD/resourceGroups/SharedServices,success,,NONE,Dormant contractor identity received Contributor role without documented justification
2026-10-02T12:35:21Z,dormant.contractor@northstar.example,SESSION-CONTRACT-4402,Role Assignment Modified,NFG-SHARED-APP01,Contributor,/subscriptions/NFG-PROD/resourceGroups/SharedServices,success,,NONE,Contributor assignment modified during dormant-account session
2026-10-02T12:41:09Z,it.admin@northstar.example,SESSION-ADMIN-5510,Activate Role,NFG-SEC-LOG01,Security Reader,/subscriptions/NFG-PROD/resourceGroups/Security,success,Incident investigation,INC-1067,Approved security investigation role activation
2026-10-02T12:43:12Z,it.admin@northstar.example,SESSION-ADMIN-5510,Revoke Sessions,finance.user@northstar.example,None,Tenant,success,Containment action,INC-1067,Finance user sessions revoked during incident response
2026-10-02T12:46:33Z,it.admin@northstar.example,SESSION-ADMIN-5510,Remove Member,dormant.contractor@northstar.example,Contributor,/subscriptions/NFG-PROD/resourceGroups/SharedServices,success,Containment action,INC-1067,Dormant contractor Contributor role removed
2026-10-02T12:47:02Z,it.admin@northstar.example,SESSION-ADMIN-5510,Disable Account,dormant.contractor@northstar.example,None,Tenant,success,Containment action,INC-1067,Dormant contractor account disabled
