detection_id,detection_name,detection_type,project_source,platform,data_source,tactic,technique,technique_id,severity,confidence,validation_status,detection_status,false_positive_notes
DET-001,Repeated Failed Windows Logons,Sigma,Windows Sigma Detection Lab,Windows,Windows Security Event Log,Credential Access,Brute Force,T1110,High,85,Validated,Active,"Legitimate mistyped passwords and stale credentials may generate failures."
DET-002,Repeated Entra Sign-in Failures,KQL,Microsoft Sentinel KQL Threat Hunting Lab,Microsoft Entra ID,Entra Sign-in Logs,Credential Access,Brute Force,T1110,High,90,Validated,Active,"Password mistakes and service authentication retries may create noise."
DET-003,Success After Repeated Sign-in Failures,KQL,Microsoft Sentinel KQL Threat Hunting Lab,Microsoft Entra ID,Entra Sign-in Logs,Credential Access,Brute Force,T1110,High,90,Validated,Active,"Users may successfully authenticate after several legitimate password mistakes."
DET-004,Suspicious Encoded PowerShell,Sigma,Windows Sigma Detection Lab,Windows,Windows Process Creation,Execution,PowerShell,T1059.001,High,95,Validated,Active,"Administrative automation may legitimately use encoded or bypass parameters."
DET-005,Suspicious PowerShell Activity,KQL,Microsoft Sentinel KQL Threat Hunting Lab,Windows,Sentinel Process Events,Execution,PowerShell,T1059.001,High,90,Validated,Active,"Administrative scripts may use PowerShell features also seen in suspicious activity."
DET-006,Memory Correlated PowerShell Execution,Python,Windows Memory Forensics Investigation Lab,Windows,Memory Forensics Artifacts,Execution,PowerShell,T1059.001,High,90,Validated,Active,"PowerShell presence alone is not malicious and requires process-chain context."
DET-007,Suspicious Windows Service Creation,Sigma,Windows Sigma Detection Lab,Windows,Windows System Event Log,Persistence|Privilege Escalation,Windows Service,T1543.003,High,90,Validated,Active,"Legitimate software installation and administrative tools may create services."
DET-008,Suspicious Rundll32 Execution,Python,Windows Memory Forensics Investigation Lab,Windows,Memory Forensics Artifacts,Defense Evasion,Rundll32,T1218.011,High,85,Validated,Active,"rundll32 is a legitimate Windows utility and requires execution context."
DET-009,Account Discovery Commands,Python,Windows Memory Forensics Investigation Lab,Windows,Memory Forensics Artifacts,Discovery,Account Discovery,T1087,Moderate,85,Validated,Active,"Administrators and troubleshooting scripts may query account information."
DET-010,System Network Configuration Discovery,Python,Windows Memory Forensics Investigation Lab,Windows,Memory Forensics Artifacts,Discovery,System Network Configuration Discovery,T1016,Moderate,85,Validated,Active,"Network troubleshooting commonly uses ipconfig and related utilities."
DET-011,Attempted SMB Lateral Movement Indicator,Python,Windows Memory Forensics Investigation Lab,Windows,Network Connection Artifacts,Lateral Movement,SMB Windows Admin Shares,T1021.002,Moderate,75,Validated,Active,"Internal SMB communication may be legitimate and SYN_SENT does not prove a completed session."
DET-012,Spearphishing Link Indicators,Python,Phishing Email Investigation Lab,Email,Email Security Telemetry,Initial Access,Spearphishing Link,T1566.002,High,90,Validated,Active,"Legitimate external messages may contain authentication links and urgency."
DET-013,Spearphishing Attachment Indicators,Python,Phishing Email Investigation Lab,Email,Email Security Telemetry,Initial Access,Spearphishing Attachment,T1566.001,High,90,Validated,Active,"HTML and document attachments may be legitimate and require additional context."
DET-014,Suspicious Session Reuse,Python,Session Hijacking and DDoS Detection Lab,Web Application,Session Telemetry,Credential Access,Steal Web Session Cookie,T1539,High,90,Validated,Active,"VPN changes mobile roaming and shared network paths may change source context."
DET-015,Distributed Network Traffic Surge,Python,Session Hijacking and DDoS Detection Lab,Network,HTTP Traffic Telemetry,Impact,Network Denial of Service,T1498,High,95,Validated,Active,"Legitimate traffic surges may occur during major business events."
DET-016,Application Exhaustion Traffic Pattern,Python,Session Hijacking and DDoS Detection Lab,Web Application,HTTP Traffic Telemetry,Impact,Application Exhaustion Flood,T1499.003,High,90,Validated,Active,"Flash crowds and overloaded applications may resemble exhaustion behavior."
DET-017,Suspicious Cloud Account Sign-in,Python,Entra Cloud Compromise Investigation Lab,Microsoft Entra ID,Entra Sign-in Logs,Initial Access,Cloud Accounts,T1078.004,High,90,Validated,Active,"Travel VPN use and new managed devices may generate unusual sign-in context."
DET-018,Undocumented Cloud Role Assignment,Python,Entra Cloud Compromise Investigation Lab,Azure,Privileged Activity Logs,Persistence|Privilege Escalation,Account Manipulation,T1098,High,90,Validated,Active,"Authorized role changes may occur outside normal workflows if documentation is incomplete."
DET-019,Cloud Resource Enumeration,Python,Entra Cloud Compromise Investigation Lab,Azure,Azure Resource Activity,Discovery,Cloud Service Discovery,T1526,Moderate,85,Validated,Active,"Cloud administrators routinely enumerate resources during operations."
DET-020,Sensitive Cloud Storage Access,Python,Entra Cloud Compromise Investigation Lab,Azure,Azure Storage Activity,Collection,Data from Cloud Storage,T1530,High,85,Validated,Active,"Legitimate users may access sensitive cloud objects as part of normal duties."
DET-021,Unsecured Credential Exposure,Python,Secrets Exposure Scanner,Source Code,Repository Scan Results,Credential Access,Unsecured Credentials,T1552,High,95,Validated,Active,"Synthetic placeholders and test credentials must be excluded to reduce noise."
DET-022,Ransomware Marker Detection,YARA,YARA File Detection Lab,File System,YARA Scan Results,Impact,Data Encrypted for Impact,T1486,High,70,Validated,Active,"Marker strings alone do not establish that file encryption occurred."
DET-023,High-Interest HTTPS Destination,Python,PCAP Network Forensics Investigation Lab,Network,Network Connection Logs,Command and Control,Web Protocols,T1071.001,Moderate,75,Validated,Active,"HTTPS traffic to external systems is common and requires destination context."
DET-024,Suspicious Process External Connection,Python,Windows Memory Forensics Investigation Lab,Windows,Memory Network Artifacts,Command and Control,Web Protocols,T1071.001,High,80,Validated,Active,"External connections from legitimate processes may have valid explanations."
DET-025,Dormant Cloud Identity Activity,KQL,Microsoft Sentinel KQL Threat Hunting Lab,Microsoft Entra ID,Entra Sign-in Logs,Initial Access,Cloud Accounts,T1078.004,Moderate,75,Needs Review,Experimental,"Dormant account status may be stale or incorrectly maintained and requires tuning."
