case_id,evidence_id,timestamp,action,custodian,location,reason,notes
CASE-2026-001,EV-001,2026-10-09T18:28:55.352387+00:00,Collected,Ryan Bryant,forensic-operations/evidence-integrity-tool/sample-evidence,Initial evidence collection for synthetic incident case.,analyst_notes.txt entered into the evidence package.
CASE-2026-001,EV-001,2026-10-09T18:28:55.352387+00:00,Registered,Ryan Bryant,forensic-operations/evidence-integrity-tool/sample-evidence,Evidence metadata and SHA-256 hash recorded.,Initial SHA-256: f1d47c6d93c3dd330ee63f71b424ce53f85cdccdad6da1ba647ff975d9846048
CASE-2026-001,EV-002,2026-10-09T18:28:55.352387+00:00,Collected,Ryan Bryant,forensic-operations/evidence-integrity-tool/sample-evidence,Initial evidence collection for synthetic incident case.,authentication_events.csv entered into the evidence package.
CASE-2026-001,EV-002,2026-10-09T18:28:55.352387+00:00,Registered,Ryan Bryant,forensic-operations/evidence-integrity-tool/sample-evidence,Evidence metadata and SHA-256 hash recorded.,Initial SHA-256: a81102bbb7f3d640e01ce00a9b65f5ab7446f853264b5ea53cd0cf22061ea9d5
CASE-2026-001,EV-003,2026-10-09T18:28:55.352387+00:00,Collected,Ryan Bryant,forensic-operations/evidence-integrity-tool/sample-evidence,Initial evidence collection for synthetic incident case.,incident_timeline.csv entered into the evidence package.
CASE-2026-001,EV-003,2026-10-09T18:28:55.352387+00:00,Registered,Ryan Bryant,forensic-operations/evidence-integrity-tool/sample-evidence,Evidence metadata and SHA-256 hash recorded.,Initial SHA-256: 7f388b6f8e5ae02e29cf59b2fb4ab4e8c2b4068f7c13e954ba391a499333dcea
CASE-2026-001,EV-004,2026-10-09T18:28:55.352387+00:00,Collected,Ryan Bryant,forensic-operations/evidence-integrity-tool/sample-evidence,Initial evidence collection for synthetic incident case.,investigation_results.json entered into the evidence package.
CASE-2026-001,EV-004,2026-10-09T18:28:55.352387+00:00,Registered,Ryan Bryant,forensic-operations/evidence-integrity-tool/sample-evidence,Evidence metadata and SHA-256 hash recorded.,Initial SHA-256: e7ba67fb36029c6692c53dc731a53cb39cd588168b1006cd04899cd5ddd38005
CASE-2026-001,EV-005,2026-10-09T18:28:55.352387+00:00,Collected,Ryan Bryant,forensic-operations/evidence-integrity-tool/sample-evidence,Initial evidence collection for synthetic incident case.,network_connections.csv entered into the evidence package.
CASE-2026-001,EV-005,2026-10-09T18:28:55.352387+00:00,Registered,Ryan Bryant,forensic-operations/evidence-integrity-tool/sample-evidence,Evidence metadata and SHA-256 hash recorded.,Initial SHA-256: 12e81f80466bd2e5b6fdc0f478caf5f6c68e38e98bdefe038fc3e7a898374c4d
CASE-2026-001,EV-006,2026-10-09T18:28:55.352387+00:00,Collected,Ryan Bryant,forensic-operations/evidence-integrity-tool/sample-evidence,Initial evidence collection for synthetic incident case.,powershell_transcript.txt entered into the evidence package.
CASE-2026-001,EV-006,2026-10-09T18:28:55.352387+00:00,Registered,Ryan Bryant,forensic-operations/evidence-integrity-tool/sample-evidence,Evidence metadata and SHA-256 hash recorded.,Initial SHA-256: 4381bd3a79a2f3feb1ce5ff518c74150bc4262c4cda509163e2e94cf70a3c843
CASE-2026-001,EV-001,2026-10-09T18:34:22.117410+00:00,Verified,Ryan Bryant,verification-evidence,Evidence integrity verification.,Integrity status: VERIFIED
CASE-2026-001,EV-002,2026-10-09T18:34:22.117410+00:00,Verified,Ryan Bryant,verification-evidence,Evidence integrity verification.,Integrity status: HASH MISMATCH
CASE-2026-001,EV-003,2026-10-09T18:34:22.117410+00:00,Verified,Ryan Bryant,verification-evidence,Evidence integrity verification.,Integrity status: VERIFIED
CASE-2026-001,EV-004,2026-10-09T18:34:22.117410+00:00,Verified,Ryan Bryant,verification-evidence,Evidence integrity verification.,Integrity status: VERIFIED
CASE-2026-001,EV-005,2026-10-09T18:34:22.117410+00:00,Verified,Ryan Bryant,verification-evidence,Evidence integrity verification.,Integrity status: MISSING
CASE-2026-001,EV-006,2026-10-09T18:34:22.117410+00:00,Verified,Ryan Bryant,verification-evidence,Evidence integrity verification.,Integrity status: VERIFIED
