technique_id,technique,tactics,technique_priority,detection_count,validated_detection_count,needs_review_count,experimental_count,active_detection_count,data_source_count,detection_type_count,average_confidence,coverage_score,coverage_rating,engineering_priority,detection_ids,recommendation
T1566.001,Spearphishing Attachment,Initial Access,High,1,1,0,0,1,1,1,90.0,64.0,MODERATE,MAINTAIN,DET-013,"Maintain existing detections and improve coverage through additional telemetry, analytic diversity, or validation."
T1566.002,Spearphishing Link,Initial Access,High,1,1,0,0,1,1,1,90.0,64.0,MODERATE,MAINTAIN,DET-012,"Maintain existing detections and improve coverage through additional telemetry, analytic diversity, or validation."
T1078.004,Cloud Accounts,Initial Access,High,2,1,1,1,1,1,2,82.5,43.25,LOW,REVIEW,DET-017 | DET-025,Prioritize tuning and validation. Add independent telemetry or detection logic before treating this technique as reliably covered.
T1059.001,PowerShell,Execution,Critical,3,3,0,0,3,3,3,91.67,99.17,STRONG,MAINTAIN,DET-004 | DET-005 | DET-006,"Maintain current coverage, validate periodically, and review overlapping detections for unnecessary duplicate alerting."
T1543.003,Windows Service,Persistence | Privilege Escalation,High,1,1,0,0,1,1,1,90.0,64.0,MODERATE,MAINTAIN,DET-007,"Maintain existing detections and improve coverage through additional telemetry, analytic diversity, or validation."
T1053.005,Scheduled Task,Persistence,High,0,0,0,0,0,0,0,0,0,GAP,HIGH,,"Develop new detection capability for this technique using appropriate endpoint, identity, network, cloud, or application telemetry."
T1098,Account Manipulation,Persistence | Privilege Escalation,High,1,1,0,0,1,1,1,90.0,64.0,MODERATE,MAINTAIN,DET-018,"Maintain existing detections and improve coverage through additional telemetry, analytic diversity, or validation."
T1218.011,Rundll32,Defense Evasion,High,1,1,0,0,1,1,1,85.0,63.5,MODERATE,MAINTAIN,DET-008,"Maintain existing detections and improve coverage through additional telemetry, analytic diversity, or validation."
T1562.001,Impair Defenses,Defense Evasion,Critical,0,0,0,0,0,0,0,0,0,GAP,CRITICAL,,"Develop new detection capability for this technique using appropriate endpoint, identity, network, cloud, or application telemetry."
T1110,Brute Force,Credential Access,High,3,3,0,0,3,2,2,88.33,93.83,STRONG,MAINTAIN,DET-001 | DET-002 | DET-003,"Maintain current coverage, validate periodically, and review overlapping detections for unnecessary duplicate alerting."
T1003,OS Credential Dumping,Credential Access,Critical,0,0,0,0,0,0,0,0,0,GAP,CRITICAL,,"Develop new detection capability for this technique using appropriate endpoint, identity, network, cloud, or application telemetry."
T1552,Unsecured Credentials,Credential Access,High,1,1,0,0,1,1,1,95.0,64.5,MODERATE,MAINTAIN,DET-021,"Maintain existing detections and improve coverage through additional telemetry, analytic diversity, or validation."
T1539,Steal Web Session Cookie,Credential Access,High,1,1,0,0,1,1,1,90.0,64.0,MODERATE,MAINTAIN,DET-014,"Maintain existing detections and improve coverage through additional telemetry, analytic diversity, or validation."
T1087,Account Discovery,Discovery,Moderate,1,1,0,0,1,1,1,85.0,63.5,MODERATE,MAINTAIN,DET-009,"Maintain existing detections and improve coverage through additional telemetry, analytic diversity, or validation."
T1016,System Network Configuration Discovery,Discovery,Moderate,1,1,0,0,1,1,1,85.0,63.5,MODERATE,MAINTAIN,DET-010,"Maintain existing detections and improve coverage through additional telemetry, analytic diversity, or validation."
T1526,Cloud Service Discovery,Discovery,High,1,1,0,0,1,1,1,85.0,63.5,MODERATE,MAINTAIN,DET-019,"Maintain existing detections and improve coverage through additional telemetry, analytic diversity, or validation."
T1021.002,SMB Windows Admin Shares,Lateral Movement,High,1,1,0,0,1,1,1,75.0,62.5,MODERATE,MAINTAIN,DET-011,"Maintain existing detections and improve coverage through additional telemetry, analytic diversity, or validation."
T1021.001,Remote Desktop Protocol,Lateral Movement,High,0,0,0,0,0,0,0,0,0,GAP,HIGH,,"Develop new detection capability for this technique using appropriate endpoint, identity, network, cloud, or application telemetry."
T1530,Data from Cloud Storage,Collection,High,1,1,0,0,1,1,1,85.0,63.5,MODERATE,MAINTAIN,DET-020,"Maintain existing detections and improve coverage through additional telemetry, analytic diversity, or validation."
T1119,Automated Collection,Collection,Moderate,0,0,0,0,0,0,0,0,0,GAP,MODERATE,,"Develop new detection capability for this technique using appropriate endpoint, identity, network, cloud, or application telemetry."
T1071.001,Web Protocols,Command and Control,High,2,2,0,0,2,2,1,77.5,87.75,STRONG,MAINTAIN,DET-023 | DET-024,"Maintain current coverage, validate periodically, and review overlapping detections for unnecessary duplicate alerting."
T1567.002,Exfiltration to Cloud Storage,Exfiltration,High,0,0,0,0,0,0,0,0,0,GAP,HIGH,,"Develop new detection capability for this technique using appropriate endpoint, identity, network, cloud, or application telemetry."
T1498,Network Denial of Service,Impact,High,1,1,0,0,1,1,1,95.0,64.5,MODERATE,MAINTAIN,DET-015,"Maintain existing detections and improve coverage through additional telemetry, analytic diversity, or validation."
T1499.003,Application Exhaustion Flood,Impact,High,1,1,0,0,1,1,1,90.0,64.0,MODERATE,MAINTAIN,DET-016,"Maintain existing detections and improve coverage through additional telemetry, analytic diversity, or validation."
T1486,Data Encrypted for Impact,Impact,Critical,1,1,0,0,1,1,1,70.0,62.0,MODERATE,MAINTAIN,DET-022,"Maintain existing detections and improve coverage through additional telemetry, analytic diversity, or validation."
